121dealbreakers,CHILD,Peel Region  Ontario,99,14,14.1414,yes
1ittlebowerbird,HEALTH,,49,1,2.04082,no
1Strategy_cloud,HEALTH,Seattle  WA,67,3,4.47761,no
303KushMan,CHILD,A rock  In space.,65,3,4.61538,no
4948President,CHILD,Toronto,99,2,2.0202,no
4ccf4de04227486,CHILD,Guwahati  India,24,1,4.16667,no
72_illingworth,HEALTH,,100,5,5,yes
8rend,HEALTH,rochester  ny  usa,100,1,1,no
AAIhelps,HEALTH,Toronto  Canada,98,3,3.06122,no
AaliaHasan1,CHILD,Dubai  United Arab Emirates,100,2,2,no
AbandonSmoking,HEALTH,Newcastle,100,3,3,no
abraajgroup,HEALTH,,100,2,2,no
AbusedKids,CHILD,Gainesville  FL ,188,8,4.25532,no
AbuseStoppers,CHILD,Harlem  New York,98,15,15.3061,yes
acceleratoracc2,HEALTH,??,100,1,1,no
ACCESS_OM,HEALTH,Canada,59,5,8.47458,yes
acsdc_gta,CHILD,Toronto  Ontario,99,4,4.0404,no
ActualizedVisio,HEALTH,Manhattan Beach Ca,100,2,2,no
AdamHinojosa21,HEALTH,,87,2,2.29885,no
AdamR9_,HEALTH,Ottawa,61,2,3.27869,no
Adam_T_Murphy,HEALTH,,86,9,10.4651,yes
AFealey,CHILD,Johannesburg South Africa,94,4,4.25532,no
ahealingartist,CHILD,Northeast US - NY/NJ/CT/PA,100,1,1,no
ajcan36,CHILD,Calgary  AB. Canada,128,3,2.34375,no
ajcan36,HEALTH,Calgary  AB. Canada,128,3,2.34375,no
AkankshaMalik,HEALTH,Mars - Alien HQ,77,4,5.19481,yes
akashpatla,CHILD,Mangalore  India,67,3,4.47761,no
AKback2back,HEALTH,westchester  ny,77,5,6.49351,yes
alam4mp,CHILD,,9,1,11.1111,yes
aldobar64,CHILD,Markham  ON,92,2,2.17391,no
aleenakhan1,HEALTH,London  Islamabad,99,6,6.06061,yes
alexjerryeva,HEALTH,Italia,98,4,4.08163,no
alexmurray13,HEALTH,Liverpool,80,2,2.5,no
AlgerianoLFC,HEALTH,Liverpool,71,3,4.22535,no
AliceCpag,CHILD,London  England,98,6,6.12245,yes
ALifeInDignity,CHILD,New York,93,3,3.22581,no
AllentonPrimary,CHILD,Derby  England,99,3,3.0303,no
allisonjennife5,CHILD,,100,10,10,yes
AlMizanTrust,CHILD,United Kingdom,99,3,3.0303,no
AmandaYbarra095,HEALTH,,27,1,3.7037,no
amankartikeya,CHILD,India,79,3,3.79747,no
amiraaaaah_,HEALTH,,100,3,3,no
amitkumar13557,CHILD,New Delhi  India,95,3,3.15789,no
AMRITAGUHA,CHILD,Guwahati  India,98,3,3.06122,no
AnantBhan,HEALTH,Delhi  Bhopal & Pune  INDIA,84,8,9.52381,yes
AndreaQtown,CHILD,On EBay.com and EBid.net as: andy96961 and diamoun,99,11,11.1111,yes
AngelaJ2121,CHILD,Nottinghan UK,92,2,2.17391,no
angel_of_truths,HEALTH,Portland Oregon ,99,5,5.05051,yes
AniShakari,HEALTH,Washington  DC  United States,98,18,18.3673,yes
AnjGohil,CHILD,,79,5,6.32911,yes
AnkurAlamayan,CHILD,Assam  India,93,2,2.15054,no
AnneMcAlister1,HEALTH,Northern Ireland,95,1,1.05263,no
anticancerclub,HEALTH,,99,5,5.05051,yes
AntiStigma,HEALTH,,100,15,15,yes
aquemini__,HEALTH,Atlanta,90,4,4.44444,no
arataniy,CHILD,New York  USA,47,2,4.25532,no
archaiologia_en,HEALTH,Athens  Greece,99,2,2.0202,no
ArunRamnanan,HEALTH,Trinidad and Tobago,94,3,3.19149,no
ASACP,CHILD,,100,1,1,no
AshfordHealth,HEALTH,Ashford  Kent ,100,6,6,yes
ashleyfeasley,CHILD,,100,2,2,no
Atharva_Pal,HEALTH,,13,1,7.69231,yes
AtiqahRahimii,HEALTH,Buzz.Me,50,1,2,no
atuldmulatkar,HEALTH,Akola / Mumbai,30,3,10,yes
AwarenessBot,HEALTH,Global,100,3,3,no
AYAC_,CHILD,,98,3,3.06122,no
ayanadanielle,HEALTH,Philadelphia  PA,82,2,2.43902,no
ayuha614,HEALTH,Fukushima,100,1,1,no
A_BTweets,CHILD,UK,90,3,3.33333,no
bajliva10,HEALTH,,99,2,2.0202,no
barkerjennifer1,CHILD,,100,7,7,yes
BaseCon_PV,HEALTH,Denmark,100,4,4,no
BeansinTas,HEALTH,,100,3,3,no
BearGSJewelry,HEALTH,,100,1,1,no
BelieberJDBMACL,HEALTH,,98,2,2.04082,no
BelieveMePlx,HEALTH,,100,6,6,yes
belladhia__,HEALTH,,99,3,3.0303,no
Bell_LetsTalk,HEALTH,Canada,97,17,17.5258,yes
bel_nagy,CHILD,,100,4,4,no
BenjaminPerks,CHILD,Podgorica  Montenegro,98,9,9.18367,yes
BernaMeaden,CHILD,,88,3,3.40909,no
BevanWarnerVLA,CHILD,Melbourne  Victoria,92,4,4.34783,no
Beyond_Survivor,CHILD,S.E Devon - United Kingdom,95,3,3.15789,no
BhusalLalit,CHILD,Solihull  UK,99,5,5.05051,no
BiconAnahtari,CHILD,Eski?ehir ?stanbul,182,2,1.0989,no
bigbangpunya,HEALTH,Malaysia ,86,2,2.32558,no
BigShiner,HEALTH,London & ibiza ,75,1,1.33333,no
bilalayaz,CHILD,GUJRANWALA,100,5,5,no
bIoodorb,HEALTH,,99,2,2.0202,no
BlaqueDunga,HEALTH,Johannesburg,93,8,8.60215,yes
blueinmo,HEALTH,,77,3,3.8961,no
bmlsscaws,CHILD,,100,3,3,no
BNScottsdale,HEALTH,Pima and Shea,90,3,3.33333,no
bobbit2266,HEALTH,The Universe,100,4,4,no
boehmeb,CHILD,Texas  USA,89,4,4.49438,no
born2helpothers,CHILD,India,75,2,2.66667,no
bpgrimes,HEALTH,,88,1,1.13636,no
bread4breakfast,CHILD,Bath  England,65,2,3.07692,no
britishroyals,HEALTH,,97,7,7.2165,yes
brsillman,HEALTH,,68,1,1.47059,no
BruceCiskie,HEALTH,Duluth  Minn.,60,1,1.66667,no
BrunoPennino,HEALTH,Italy,95,4,4.21053,no
BubbaWallace,HEALTH,,90,1,1.11111,no
buckingham_pam,CHILD,South Yorkshire,43,3,6.97674,yes
bumtoye,HEALTH,Abuja  Nigeria,76,8,10.5263,yes
bushbark,HEALTH,QLD Australia,92,4,4.34783,no
ButlerCoHealth,HEALTH,Butler County  Missouri,95,1,1.05263,no
buzzforkids,HEALTH,Massachusetts  USA,95,8,8.42105,yes
BwDPH,HEALTH,Blackburn with Darwen ,99,14,14.1414,yes
Byrne152,HEALTH,Leicester,75,4,5.33333,yes
cacecar,HEALTH,Canada,100,6,6,yes
cakes_laila,HEALTH,,100,2,2,no
calybev,HEALTH,,72,3,4.16667,no
CanadaFadi,HEALTH,?Canada - ??????,98,4,4.08163,no
CancerFinland,HEALTH,Helsinki  Finland,100,2,2,no
cancerphysicist,HEALTH,Leeds  England,54,2,3.7037,no
cancer_scopes,HEALTH,,100,1,1,no
carradam3,CHILD,,100,7,7,yes
carteramanda7,CHILD,,100,6,6,yes
CASAofLA,CHILD,Monterey Park,79,3,3.79747,no
catherinechisna,CHILD,South East  England,43,4,9.30233,yes
CCQld,HEALTH,Queensland  Australia,98,4,4.08163,no
CDDFRS,HEALTH,Co. Durham & Darlington,99,5,5.05051,yes
celesteka,CHILD,San Diego  CA,100,11,11,yes
Charity4Africa,HEALTH,,100,1,1,no
CheriseATL,HEALTH,,40,2,5,yes
ChildFundAU,CHILD,Sydney,95,4,4.21053,no
christineguyott,HEALTH,Minneapolis  Minnesota,82,2,2.43902,no
ChristinS83,HEALTH,Cottbus  Germany,95,8,8.42105,yes
ChrisTuck_WWHF,CHILD,www.westwickhamfitness.com,96,3,3.125,no
chuddles11,CHILD,Toronto,100,7,7,yes
CIFCampaign,CHILD,Washington  DC,100,3,3,no
cigarlad,HEALTH,,93,1,1.07527,no
cilla1945,HEALTH,Chatsworth  South Africa,99,9,9.09091,yes
Cirillo4Paws,CHILD,United States,100,5,5,no
claudioalpalice,HEALTH,Italy,198,6,3.0303,no
cliffordalfred2,CHILD,,100,5,5,no
CloudsideJunior,CHILD,,99,6,6.06061,yes
cmfrick,HEALTH,Rome,88,2,2.27273,no
cmhahalton,HEALTH,Halton Region  Ontario,91,25,27.4725,yes
CognacDru,HEALTH,Bad Newzzzzzz,100,1,1,no
Collide_Avenue,HEALTH,Virginia Beach  VA,91,2,2.1978,no
comphealth,HEALTH,Salt Lake City  UT,93,2,2.15054,no
ConcrndFthrPrep,CHILD,#fatherless #baltimore,81,5,6.17284,yes
Consumers_Int,HEALTH,Global,97,12,12.3711,yes
coool_kashish,CHILD,Mumbai  India,65,4,6.15385,yes
COPD_bio,HEALTH,London,100,1,1,no
CoreSourceBuzz,HEALTH,Lake Forest  Illinois,99,2,2.0202,no
CPattersonstar,CHILD,Neosho  MO,54,3,5.55556,yes
CPiE_Global,CHILD,Global,100,4,4,no
CPMV_71,HEALTH,The Netherlands,71,1,1.40845,no
CreepySexKitten,CHILD,,6,1,16.6667,yes
CrescentSupport,HEALTH,St Albans Hertfordshire,93,2,2.15054,no
cseerankur,HEALTH,At the top of the ladder!,96,4,4.16667,no
CSHL,HEALTH,Long Island  NY,89,1,1.1236,no
CSPAngelABC,HEALTH,Chicago  IL,99,1,1.0101,no
CutlerInsurance,HEALTH,Lawndale-Manhattan Beach-Redon,100,1,1,no
cyrus_peacock,CHILD,,89,6,6.74157,yes
C_sxzjack,CHILD,United States,39,1,2.5641,no
DailyGuideAF,HEALTH,Accra  Ghana,100,1,1,no
DameCorleone,HEALTH,Across The Bridge,54,2,3.7037,no
damidefelice,HEALTH,Amsterdam/London/Rome,81,7,8.64198,yes
DanaBoettger,CHILD,Toronto,100,4,4,no
DanJarvisMP,CHILD,Barnsley,81,4,4.93827,no
danvalentinegb,HEALTH,London  England,89,2,2.24719,no
daria_pirvu,HEALTH,Belgium,98,1,1.02041,no
darmifzal,HEALTH,,86,7,8.13953,yes
DassaniDental,HEALTH,Houston  TX,100,5,5,yes
DatiuSalvia,HEALTH,Barcelona,98,4,4.08163,no
davelawson35,CHILD,Barnsley  England,99,4,4.0404,no
DavidDorn_VTTV,HEALTH,Sunderland  England,57,4,7.01754,yes
davidicke,CHILD,Isle of Wight  England,99,3,3.0303,no
davrwu,CHILD,The land that time forgot,78,5,6.41026,yes
debraraes,CHILD,New Mexico,100,8,8,yes
debsidy,HEALTH,,100,9,9,yes
decrecendo,HEALTH,,98,1,1.02041,no
deeptwit,HEALTH,Santa Barbara  S. Pasadena CA,98,2,2.04082,no
demedgona,HEALTH,Italy:),99,1,1.0101,no
DeRay_Shawn,HEALTH,New Jersey,95,15,15.7895,yes
DesMchlmcgnn,HEALTH,Manchester  England,96,7,7.29167,yes
deveregroup,HEALTH,,99,1,1.0101,no
DhatsWat__HeSai,HEALTH,,99,3,3.0303,no
diegomann6,CHILD,,100,6,6,yes
Die_a_Bachelor,HEALTH, From 912 to 224 to 754,100,1,1,no
DinoNocivelli,CHILD,London (Welsh/Italian),90,6,6.66667,yes
Diolchgar,HEALTH,United Kingdom,93,2,2.15054,no
doctornayaka,CHILD,Female Agitator Land,86,4,4.65116,no
DoddsRay,HEALTH,,93,3,3.22581,no
DonnaYoungDC,HEALTH,Washington,100,2,2,no
dontcha_know1,CHILD,#MAGA,75,2,2.66667,no
DoveMed,HEALTH,San Francisco,100,3,3,no
dragnesdc,HEALTH,Valencia  PA,100,2,2,no
DrJessyU,HEALTH,Houston  Texas,88,3,3.40909,no
drmadiwr,HEALTH,Ahmadabad City  India,98,2,2.04082,no
DrOberdorf,HEALTH,7200 Creedmoor Rd  Raleigh  NC,100,7,7,yes
drsophiebrady,HEALTH,,98,6,6.12245,yes
Dr_RJByrne,CHILD,Shropshire & New Forest,90,8,8.88889,yes
duboislaur,CHILD,Genève  Suisse,100,3,3,no
Duffy_1958,CHILD,California  USA,89,3,3.37079,no
D_Curwood,CHILD,Derbyshire,100,2,2,no
earlshelpdesk,HEALTH,Florida,95,2,2.10526,no
EBNHealth,HEALTH,Oxford  UK,99,19,19.1919,yes
EcigHangsen,HEALTH,Global Partners:,100,5,5,yes
ECISchools,CHILD,Global,47,2,4.25532,no
ECLTFoundation,CHILD,Geneva  Switzerland,96,2,2.08333,no
ecosising,HEALTH,,100,4,4,no
eevalancaster,CHILD,Philippines,98,3,3.06122,no
ehsanlatif15,HEALTH,Edinburgh  Scotland,100,23,23,yes
ejpred,CHILD,Newcastle Upon Tyne  England,81,4,4.93827,no
EleniMcQ,HEALTH,,34,2,5.88235,yes
Elilarge,CHILD,,84,8,9.52381,yes
elizabethtoni,HEALTH,Leicester Square  London,100,1,1,no
ElkeHoppeDolan,HEALTH,Frankfurt a. Main ,100,4,4,no
elliemc42,CHILD,Newcastle,84,4,4.7619,no
elliieejo,HEALTH,Minneapolis  Minnesota ,73,5,6.84932,yes
elvisinoregon,HEALTH,Oregon  USA,68,3,4.41176,no
emilypaup,HEALTH,New York  NY,96,10,10.4167,yes
Emmamuzou,HEALTH,,97,3,3.09278,no
EmoryRollins,HEALTH,Atlanta  GA,100,5,5,yes
em_c77,HEALTH,Lyon  France,100,2,2,no
Enas_ALAmara,HEALTH,U.A.E,100,2,2,no
EndChildPovCA,CHILD,California  USA,89,3,3.37079,no
enderphile1,CHILD,The interwebz,34,2,5.88235,yes
enfermeramarian,HEALTH,Buenos Aires  Argentina,95,1,1.05263,no
EricPaulLeue,HEALTH,Los Angeles,79,6,7.59494,yes
ernamerkusheva,CHILD,,68,3,4.41176,no
ersyaalsyaa,HEALTH,?? ?,100,3,3,no
es5,HEALTH,,100,6,6,yes
esm_magazine,HEALTH,sales@esmmagazine.com,76,2,2.63158,no
ESuttonS,CHILD,,84,5,5.95238,yes
EtanaCain,CHILD,Toronto,95,4,4.21053,no
EtEDashboardNY,HEALTH,New York  NY,100,4,4,no
eugene_bosco,HEALTH,8 TOWN  KENYA ,100,4,4,no
EU_CanCon,HEALTH,,200,10,5,yes
EU_Health,HEALTH,Brussels  Europe,196,14,7.14286,yes
evansvillebuzz,HEALTH,Evansville  IN,100,6,6,yes
Everisto_Kamera,CHILD,London,94,3,3.19149,no
EvolveHS,HEALTH,,77,3,3.8961,no
E_ResearchFDN,HEALTH,Dayton  OH,100,6,6,yes
faespaes,HEALTH,#JOHO #uitmsegamat,82,1,1.21951,no
Faraidoun,HEALTH,Bahrain,98,4,4.08163,no
Faruque_m,CHILD,ÜT: 26.346437 92.68584,77,5,6.49351,yes
fatimamanji,CHILD,London  UK,78,5,6.41026,yes
fckFeelIings,HEALTH,,100,6,6,yes
fdfsammay,CHILD,"Honolulu
",100,4,4,no
fergusonmonica2,CHILD,,100,3,3,no
FICPA,HEALTH,Florida,99,3,3.0303,no
FightontheBeach,HEALTH,Sydney  Australia,98,19,19.3878,yes
fionahutchinso5,CHILD,,93,1,1.07527,no
Fireynolds,CHILD,London,96,3,3.125,no
fitwerks,HEALTH,,100,2,2,no
FloridaSeaGrant,HEALTH,University of Florida,99,3,3.0303,no
floydleonora191,CHILD,,100,5,5,no
FNHMA,HEALTH,Ottawa  ON,96,7,7.29167,yes
fodeh2001,CHILD,Nigeria,96,8,8.33333,yes
fofantrofimov77,CHILD,,63,3,4.7619,no
followthethings,CHILD,Exeter  England,99,4,4.0404,no
foxMILLIGRAM,CHILD,,85,3,3.52941,no
free2readca,CHILD,,100,2,2,no
frenchiiiii,HEALTH,All over the world!!!,91,2,2.1978,no
FriscoEye,HEALTH,Frisco  Texas,100,6,6,yes
fr_hossain,HEALTH,Philadelphia  PA,100,2,2,no
fundpolly,HEALTH,Manchester  England,70,1,1.42857,no
GaryAltonFox,CHILD,Vermont,98,9,9.18367,yes
Gauravk_Sharma,CHILD,,38,2,5.26316,yes
gavinblackwell6,CHILD,,100,3,3,no
GaviSeth,HEALTH,Geneva  Switzerland,99,2,2.0202,no
gbemi28,HEALTH,,85,6,7.05882,yes
GCAssoc,HEALTH,London ,86,2,2.32558,no
genesca_62,CHILD,,100,2,2,no
gentlemanirish,CHILD,Ohio,85,7,8.23529,yes
GermanyUNGeneva,HEALTH,Geneva  Switzerland,100,15,15,yes
GespenstOne78,CHILD,,99,10,10.101,yes
ghebert97281410,CHILD,,100,7,7,yes
GillGarmesh,CHILD,Daresbury lab in the tower,85,2,2.35294,no
giveawayworq,CHILD,United States,100,3,3,no
GlenBrown15,CHILD,earth,86,7,8.13953,yes
gmperriam,CHILD,,98,10,10.2041,yes
GOJO_Europe,HEALTH,Milton Keynes  England,83,2,2.40964,no
GoleSiddharth,CHILD,Singapore  ,66,3,4.54545,no
goodcaregroup,HEALTH,UK,95,4,4.21053,no
goodhairmaria,HEALTH,Wherever,42,2,4.7619,yes
GooeyRabinski,HEALTH,Humboldt County  California ,100,6,6,yes
goutamprasadbjp,CHILD,Guwahati  Assam,99,2,2.0202,no
grechaw,HEALTH,Occidental California,92,7,7.6087,yes
greenurlifenow,HEALTH,Vancouver,100,4,4,no
gregorycooke10,CHILD,,100,7,7,yes
GregoryTaylor86,CHILD,Bromley  London and norfolk ,51,5,9.80392,yes
Groupquetta,HEALTH,Quetta  Pakistan,98,1,1.02041,no
guinnessbill,CHILD,London,94,5,5.31915,yes
gungun005,CHILD,India,93,1,1.07527,no
GuruGastro,CHILD,Goa  India,88,5,5.68182,yes
guy_taylor,HEALTH,New York  USA,100,7,7,yes
GWCancer,HEALTH,Washington  DC,98,3,3.06122,no
GWSMHS,HEALTH,Washington  DC,100,6,6,yes
gypsysoul_50,HEALTH,,79,3,3.79747,no
G_gronberg,HEALTH,Crystal Lake  IL,93,2,2.15054,no
Haazzziqqq,HEALTH,World,82,4,4.87805,yes
hahnpaige90,CHILD,,100,8,8,yes
HalcyonVapors,HEALTH,California  USA,100,5,5,yes
HaniRuslan94,HEALTH,Kedah  Malaysia,60,1,1.66667,no
hanubhargava,CHILD,India,87,5,5.74713,yes
hashmi77,HEALTH,india,100,6,6,yes
hasyeif17,HEALTH,Kalumpang Hulu Selangor,100,2,2,no
HausofDita76,HEALTH,Boston,91,7,7.69231,yes
haydenkidd3,CHILD,,100,9,9,yes
HealingCPTSD,CHILD,Queensland  Australia,75,3,4,no
HealthcareNew12,HEALTH,New York,100,2,2,no
HealthRanger,HEALTH,Tucson  AZ,100,2,2,no
HealthThink,HEALTH,Nigeria,98,8,8.16327,yes
HealthWebNav,HEALTH,,99,9,9.09091,yes
healthyteen,CHILD,Baltimore  MD,85,5,5.88235,yes
heather_pack,HEALTH,British Columbia  Canada ,100,5,5,yes
heavenlysins66,CHILD,Australia,98,11,11.2245,yes
hekkht,HEALTH,????  ??????? ??????? ????????,59,5,8.47458,yes
HelenSalmon2,CHILD,Tavistock Devon,85,3,3.52941,no
HelgaHJ,CHILD,Cambridge  England,87,1,1.14943,no
hemajitphukon,CHILD,guwahati,91,3,3.2967,no
HiboWardere,CHILD,london,77,8,10.3896,yes
hidalinagomez,HEALTH,,89,2,2.24719,no
himmoderator,HEALTH,Jamie Uhrig in NYC,100,2,2,no
HIVOhio,HEALTH,Ohio  USA,97,5,5.15464,yes
HIV_Insight,HEALTH,Honolulu  Hawai i,100,4,4,no
Hlth_Literacy,HEALTH,Honolulu  Hawaii,99,3,3.0303,no
holly_kay8,CHILD,London  England,98,7,7.14286,yes
hopeoflife_,CHILD,India,78,1,1.28205,no
HoroscopeOfUSA,HEALTH,thehoroscopeoftheusa@gmail.com,100,4,4,no
HumanRightsItem,CHILD,World,48,1,2.08333,no
iamendow,HEALTH,Guwahati  India,39,1,2.5641,no
iamlouisesmith,CHILD,London  England,75,3,4,no
IamOnir,CHILD,ÜT: 19.138741 72.820079,60,3,5,no
iargbana,HEALTH,Ghana ,91,7,7.69231,yes
ibhaber,HEALTH,,47,7,14.8936,yes
IConectHEALTH,HEALTH,London  Ontario  CANADA,100,1,1,no
IHCA1stYrTutor,CHILD,University of Worcester,100,2,2,no
ijaz_kashef,HEALTH,Georgia  USA,68,6,8.82353,yes
ILoveMyPebble,HEALTH,,100,2,2,no
ILO_OSH,CHILD,,29,3,10.3448,yes
ILvPurplepurple,CHILD,Someplace kinda neat sometimes,85,6,7.05882,yes
ImaMichaelBrown,HEALTH,Springfield  ILL/Belgium,79,2,2.53165,no
ImBatman_117,HEALTH,612 Warf Ave  NJ,100,4,4,no
Imperial_IMSE,HEALTH,Imperial College London,94,5,5.31915,yes
Info4Practice,CHILD,NY  NY US,99,2,2.0202,no
Innocencenosale,CHILD,Leicester  England,100,9,9,yes
inno_organ,CHILD,Lagos ,99,9,9.09091,yes
InsidePMI,CHILD,Worldwide,72,1,1.38889,no
iolantaromanov1,CHILD,,100,8,8,yes
IPFtweeting,CHILD,London  UK,99,4,4.0404,no
iRajSaw,CHILD,India,100,1,1,no
Irismilagrosri3,CHILD,Puerto Rico ,80,1,1.25,no
IronWolve,CHILD,Seattle,90,6,6.66667,yes
IrreplaceDesign,CHILD,United States,90,8,8.88889,yes
isabelkirk13,CHILD,,100,5,5,no
ISAbella_P_PARF,CHILD,Switzerland ,91,3,3.2967,no
israelradioguy,CHILD,Jerusalem  Israel,13,1,7.69231,yes
itexistsUK,CHILD,,99,1,1.0101,no
itsmateaaa,HEALTH,My World,78,7,8.97436,yes
ituc,CHILD,Global,100,1,1,no
ivan2266,HEALTH,Earth,100,1,1,no
IvannaH5,HEALTH,MST southern AB,96,19,19.7917,yes
izlyanahzqh,HEALTH,,97,5,5.15464,yes
jackson_tayesha,HEALTH,Lexington,95,6,6.31579,yes
JackTunmore,CHILD,,95,4,4.21053,no
jacobquinn17,CHILD,,200,16,8,yes
JagSanskarshala,CHILD,India,96,4,4.16667,no
jaincemcase,CHILD,,95,11,11.5789,yes
Jakub_Sielewicz,HEALTH,New Farm  Brisbane,26,2,7.69231,yes
jamiewellsmd,HEALTH,New York City,83,3,3.61446,no
jamiilee_,HEALTH,traveling the world one day,94,2,2.12766,no
JanKyGal,HEALTH,Southern Indiana,60,3,5,yes
JconnaStaedy,HEALTH,by the water fountain,71,4,5.6338,yes
jeetbasu,CHILD,Mumbai Maharastra,90,2,2.22222,no
JenniferHRos,CHILD,,89,1,1.1236,no
jensciorty,HEALTH,New Jersey,88,5,5.68182,yes
jeonpls,HEALTH,,94,2,2.12766,no
Jessicaleat,HEALTH,,11,1,9.09091,yes
Jess_Bousquette,CHILD,Washington D.C. ,100,4,4,no
jgoldblum,CHILD,New Haven CT,93,6,6.45161,yes
jg_simpson,CHILD,Coventry  RI USA,95,12,12.6316,yes
JillMeager,HEALTH,London,83,2,2.40964,no
JJluvsdaBroncos,HEALTH,New Mexico,37,2,5.40541,yes
jlepping2013,HEALTH,,100,2,2,no
JoanneHowcroft,HEALTH,Westhoughton,92,5,5.43478,yes
JoeEEnglish,CHILD,London  England,95,7,7.36842,yes
joelfurniss,HEALTH,East Anglia,95,4,4.21053,no
JoelUbiquity,HEALTH,Liverpool  London,83,5,6.0241,yes
joncina_,CHILD,Preston  Melbourne,90,4,4.44444,no
jondcarroll,HEALTH,London,94,2,2.12766,no
JonDCSouthEast,HEALTH,Leicester  England,83,1,1.20482,no
JonFordham1,CHILD,,99,5,5.05051,no
joooaaannna,HEALTH,Hawaii  USA,96,1,1.04167,no
joseluisbretes,HEALTH,,87,1,1.14943,no
JoSny,CHILD,Toronto  ON,95,3,3.15789,no
joZAKdavies,CHILD,London UK,95,4,4.21053,no
jo_brighouse,CHILD,,42,2,4.7619,no
JPettitt26,CHILD,Plymouth  England,91,3,3.2967,no
jshmorgan8,HEALTH,Washington DC,97,1,1.03093,no
JSmashXoX17,HEALTH,Positivity & Neuroscience,95,7,7.36842,yes
judylauthor,CHILD,Of no fixed abode for 4months,96,2,2.08333,no
jumbosofmaine,HEALTH,york beach maine,92,1,1.08696,no
JuneStoyer,HEALTH,NY,98,1,1.02041,no
justinquincy3,CHILD,,100,6,6,yes
justmebeingme4,CHILD,Manchester,94,1,1.06383,no
Kabeera19,CHILD,Vadodara,42,1,2.38095,no
KamshaMusic,HEALTH,Worldwide,100,2,2,no
kapildwasnik,HEALTH,Mumbai  India,91,4,4.3956,no
karpovipat1,CHILD,,100,5,5,no
KathleneBron,HEALTH,Troy,100,9,9,yes
Kat_2165,HEALTH,Ewing  NJ,94,4,4.25532,no
kavitagusain7,HEALTH,,100,2,2,no
kay87c,HEALTH,Houston TX,80,2,2.5,no
kay_trent,HEALTH,,100,1,1,no
KeithDWilcox,CHILD,England  United Kingdom,84,5,5.95238,yes
KEngelTalent,HEALTH,Florida  USA,100,3,3,no
KeSCPCR_Kerala,CHILD,Trivandrum  India,178,2,1.1236,no
KevinSavage11,CHILD,Geneva; UK; Canada,70,2,2.85714,no
KFAN1003,HEALTH,Minneapolis  Minnesota,99,3,3.0303,no
KhadijahGriffi1,HEALTH,,95,3,3.15789,no
KidsMatterOK,CHILD,Oklahoma,200,50,25,yes
KillerCreams,HEALTH,#NOTBlowingSmoke,100,5,5,yes
Kimberly_Casey,CHILD,A little here. A little there.,79,9,11.3924,yes
KnightmjaKnight,CHILD,,94,6,6.38298,yes
kpopcrazy2010,HEALTH,Hong Kong / Philippines,92,2,2.17391,no
kristinstrong36,CHILD,,97,3,3.09278,no
KristyMuir2,CHILD,Sydney  Australia,71,5,7.04225,yes
kukiddies,HEALTH,,81,8,9.87654,yes
KuntumCurly,HEALTH,California  USA,100,1,1,no
labour_zone,CHILD,,100,4,4,no
larryforbish,HEALTH,,61,4,6.55738,yes
las2950,CHILD,,96,7,7.29167,yes
lateesha_day,HEALTH,Thompson  Manitoba,71,7,9.85915,yes
Lauren__Dailey,CHILD,Adelaide  Australia,96,9,9.375,yes
Lazer_Light23,CHILD,Right behind you.,89,7,7.86517,yes
LeedsBForum,HEALTH,Leeds  England,90,6,6.66667,yes
Legendary_Fog,HEALTH,Bandung  Indonesia,94,12,12.766,yes
LeightonEarly,CHILD,,97,5,5.15464,yes
lekwilliams,CHILD,CyberSpace :-) #behindthesmile,100,4,4,no
leonie_thorne,CHILD,Brisbane  Queensland,82,6,7.31707,yes
LesFout,HEALTH,Knoxville  Tennessee,73,1,1.36986,no
lighten1220,HEALTH,Florida  USA,100,4,4,no
lilmissscotland,HEALTH,,93,2,2.15054,no
Lips_NYC,HEALTH,,100,6,6,yes
lisamulherin,CHILD,,92,7,7.6087,yes
lisapike12,CHILD,Windsor  Ontario,100,4,4,no
LisaRangel,HEALTH,Global Executive Resume Writer,99,4,4.0404,no
littlehillsch,HEALTH,Wigston Magna,100,4,4,no
livelokai,HEALTH,Find Your Balance,17,1,5.88235,yes
LiZaisatweetie,CHILD,California  USA,99,12,12.1212,yes
Llzzzard,HEALTH,i luv lukie :-),97,2,2.06186,no
LMCTVInfo,HEALTH,Mamaroneck  NY,98,4,4.08163,no
local_vaper,HEALTH,Canada,100,1,1,no
londonappuk,HEALTH,,100,4,4,no
lornahorn13,CHILD,,100,7,7,yes
louisesdad,CHILD,Hove,75,3,4,no
love2swim1951,CHILD,Casanova  VA,81,7,8.64198,yes
LowderWendy,CHILD,Barnsley,79,3,3.79747,no
LSSJAX,HEALTH,Jacksonville  FL,95,5,5.26316,yes
lucyk6992,CHILD,,89,1,1.1236,no
lucywkanja,HEALTH,,85,18,21.1765,yes
lugzbag,HEALTH,Nairobi,92,9,9.78261,yes
LWBASF,HEALTH,Edmonton. Alberta,100,6,6,yes
lynn_baylis,CHILD,Mexico,100,6,6,yes
lyubovsorokina3,CHILD,,100,4,4,no
mackenz44786878,CHILD,,100,4,4,no
Macmurray23,HEALTH,Georgia,81,3,3.7037,no
MacRodriguez80,HEALTH,,98,9,9.18367,yes
madison_sommers,HEALTH,Mt. Hollywood  NC,91,3,3.2967,no
madzimuret,CHILD,,98,1,1.02041,no
maggicarter,CHILD,Texas,78,4,5.12821,no
MaggieBailey3,CHILD,Croydon  London,88,1,1.13636,no
Mak_Hop,HEALTH,,89,8,8.98876,yes
MalekarDr,HEALTH,Mumbai  India ,100,5,5,yes
mamajekodunmiF,HEALTH,,100,1,1,no
MANOTOSHHALDER2,CHILD,Hooghly  Kolkata  India ,98,1,1.02041,no
Mantonsm,HEALTH,Santiago - Chile ,85,2,2.35294,no
MaraFernandaFr5,CHILD,,78,1,1.28205,no
MariaJRibal,HEALTH,Barcelona ,99,1,1.0101,no
MarianNaidoo,HEALTH,Rural Wiltshire ,100,4,4,no
mariasloan16,CHILD,,100,4,4,no
marisac51833717,CHILD,,100,5,5,no
maritstiles,CHILD,Toronto,92,11,11.9565,yes
MarkKavenagh,CHILD,Sydney  New South Wales,84,4,4.7619,no
MateonTX,HEALTH,San Francisco  CA,99,1,1.0101,no
mayurvsk,CHILD,????????????? ?????  INDIA ,91,10,10.989,yes
MazeOnDemHoez,HEALTH,earth ,100,2,2,no
MBLBC,HEALTH,New York  New York,100,2,2,no
McnabbTeddy,CHILD,Northampton,79,6,7.59494,yes
mcq_on,CHILD,Australia,98,1,1.02041,no
MdlMurray,CHILD,Alberta  Canada.,100,3,3,no
MedicalInfoCorp,HEALTH,Houston  TX USA,100,2,2,no
medicalphysics,HEALTH,Where physics can help.,82,1,1.21951,no
MedicineGov,CHILD,United Kingdom,99,7,7.07071,yes
medusa1,HEALTH,,98,1,1.02041,no
meganmunoz15,CHILD,,100,9,9,yes
Megan_and_Grrr,CHILD,At Home,100,4,4,no
melanieforti,CHILD,Washington  DC,100,4,4,no
Mel_Mzansi,HEALTH,Cape Town|South Africa,92,2,2.17391,no
MeyerCancer,HEALTH,New York  NY,99,4,4.0404,no
MFATS01,HEALTH,Liverpool  England,88,29,32.9545,yes
mhoust42,CHILD,Alresey,72,3,4.16667,no
mick_suth,HEALTH,North East  England,79,9,11.3924,yes
MihaljevichW,CHILD,Chicago  IL,87,10,11.4943,yes
minamaya13,CHILD,worldwide,97,4,4.12371,no
mindyourmind_ca,HEALTH,Worldwide,96,7,7.29167,yes
MiolaFaith,HEALTH,Souled Out. ?,100,4,4,no
Miss2LS,HEALTH,,84,4,4.7619,yes
MissEllen93,HEALTH,,99,4,4.0404,no
MiszFas,HEALTH,Tanah Melayu,94,1,1.06383,no
miwmiw7a,HEALTH,,98,5,5.10204,yes
MLauraGuerreroA,CHILD,Brampton  Ontario,97,5,5.15464,yes
mnovarese,HEALTH,,92,1,1.08696,no
mochusile,HEALTH,On some latitude & longitude,34,1,2.94118,no
Mohd_5ezall,HEALTH,Sabah  Malaysia,100,4,4,no
mokomokai,HEALTH,Deutschland  Stuttgart,92,1,1.08696,no
Mom_of_IV,CHILD,Trust in the Lord and do good,99,4,4.0404,no
MonyaMyms,CHILD,Australia,94,12,12.766,yes
Morv_Brown,HEALTH,Newcastle Upon Tyne  England,60,3,5,yes
mosabbir,CHILD,UK,98,9,9.18367,yes
Moving_InWards,HEALTH,,99,1,1.0101,no
MRAFighter1981,CHILD,,100,6,6,yes
MRobson8,CHILD,Doncaster  England,83,4,4.81928,no
MrsBosanquet,HEALTH,Here there & everywhere!,93,6,6.45161,yes
MrsK1625,CHILD,Arizona,60,1,1.66667,no
mslavondra,CHILD,,66,5,7.57576,yes
MtSJMC,HEALTH,Antigua & Barbuda,99,3,3.0303,no
MTUJAX,HEALTH,Jacksonville  Florida ,200,8,4,no
MultiBriefs,HEALTH,Irving  TX,100,1,1,no
Mundra08,HEALTH,Mumbai,94,9,9.57447,yes
MyFabDisease,HEALTH,Baltimore  MD,89,2,2.24719,no
NAC4Justice,HEALTH,DC Metro,100,7,7,yes
nanglucky,CHILD,Sibsagar  India,85,6,7.05882,yes
NansinguzaJ,HEALTH,Uganda,96,2,2.08333,no
NaomiWoddis,HEALTH,London,55,4,7.27273,yes
nasrannasdani,HEALTH,,42,4,9.52381,yes
natalieroth,CHILD,Planet Earth ,97,2,2.06186,no
nathanielleach6,CHILD,,200,12,6,yes
NCCP,CHILD,New York  NY,95,6,6.31579,yes
nebtobaccofree,HEALTH,Lincoln  Nebraska,99,6,6.06061,yes
Neeta2601,HEALTH,,17,1,5.88235,yes
NeethiVR,HEALTH,VA  USA,94,5,5.31915,yes
Nepal_Monitor,CHILD,Kathmandu,100,2,2,no
nervusrerum,CHILD,Canada,97,4,4.12371,no
Network_MMS,HEALTH,Basel,98,3,3.06122,no
newstruthliz,HEALTH,,85,5,5.88235,yes
neybnch,HEALTH,,100,3,3,no
NFN_SA,CHILD,South Africa,100,6,6,yes
NHDHHSPIO,HEALTH,Concord  NH,95,2,2.10526,no
NHSCCCCG,HEALTH,,100,4,4,no
NHSLanarkshire,HEALTH,Lanarkshire,92,1,1.08696,no
NHS_CYPF,CHILD,Scotland  United Kingdom,71,3,4.22535,no
nidc13,CHILD,Delhi / Gurgaon  India,93,3,3.22581,no
NigeriaTweetPub,HEALTH,Nigeria,100,1,1,no
NinaJayPoet,CHILD,United Kingdom ,96,5,5.20833,yes
nitin3kubal,CHILD,India,93,8,8.60215,yes
NLM_HIVplus50,HEALTH,Bethesda  MD,100,1,1,no
NLM_OSP,HEALTH,Bethesda  Maryland,96,1,1.04167,no
nonimnom,HEALTH,,90,2,2.22222,no
NoreenLayden,HEALTH,Dublin City  Ireland,89,2,2.24719,no
ns_ika96,HEALTH,,92,3,3.26087,no
nwkhealth,HEALTH,Newark  NJ,100,1,1,no
Oatcake1967,CHILD,,100,5,5,no
oba_igweka,HEALTH,Lagos  Nigeria,98,4,4.08163,no
Octavia_Holl,CHILD,Lewisham  London,96,4,4.16667,no
OlHippyTCF,CHILD,Always here  never there.,188,2,1.06383,no
OliviaGTaylor,CHILD,Barnsley  England,87,8,9.1954,yes
onenana11,HEALTH,,96,4,4.16667,no
packfan1946,HEALTH,Streamwood  IL,100,5,5,yes
pahowho_journal,HEALTH,Washington  DC  USA,90,21,23.3333,yes
palliativewise,HEALTH,,100,1,1,no
PamelaA52545795,HEALTH,,100,8,8,yes
Pancham_Tyagi,CHILD,Blue Earth  MN,67,7,10.4478,yes
Pankhuri_AHT,CHILD,India,76,1,1.31579,no
panksthecool,CHILD,Dhule  Maharashtra.,99,2,2.0202,no
papa_ranjeet1,CHILD,Planet VASUNDHARA,51,2,3.92157,no
papi100k,HEALTH,Los Angeles  CA,51,3,5.88235,yes
pash22,HEALTH,United Kingdom,87,6,6.89655,yes
PatelDevansh,CHILD,Mumbai  Maharashtra,87,2,2.29885,no
patriciasinglet,CHILD,Arkansas,94,5,5.31915,yes
PatTaylorCR,HEALTH,Vancouver  BC  Canada,94,7,7.44681,yes
PaulineWatts10,HEALTH,,97,1,1.03093,no
PauliOhukainen,HEALTH,Oulu  Finland,62,1,1.6129,no
paviiiii30,HEALTH,,80,7,8.75,yes
PaydayMonsanto,CHILD,Israelica ,46,2,4.34783,no
PeaceIovers,HEALTH,,100,6,6,yes
PeoplesManHere,CHILD,Bhubaneshwar  India,89,4,4.49438,no
Perry_mead,HEALTH,Planet Earth,90,1,1.11111,no
PHE_WestMids,CHILD,West Midlands  UK,99,4,4.0404,no
PhilliMAK,HEALTH,,80,5,6.25,yes
phil_w888,HEALTH,A grey area,97,19,19.5876,yes
PlanGermany,CHILD,Germany,71,4,5.6338,yes
plan_sudan,CHILD,Sudan,95,7,7.36842,yes
pllanosg,HEALTH,,83,3,3.61446,no
PollyJackrum,CHILD,Hamburg  Germany,88,6,6.81818,yes
polly_choice,CHILD,,100,4,4,no
PoloVet,HEALTH,Tigre  Buenos Aires  Argentina,99,2,2.0202,no
POLSNaples,HEALTH,Naples  FL,100,2,2,no
PopHealthCareUS,HEALTH,,100,1,1,no
positivesdates,HEALTH,,100,1,1,no
postpolionews,HEALTH,United Kingdom,98,5,5.10204,yes
povertyfreeont,CHILD,Ontario  Canada,100,1,1,no
povertyproofcne,CHILD,North East  England,100,3,3,no
pozmagazine,HEALTH,New York  NY,100,5,5,yes
PradanBaruah,CHILD,Guwahati  Assam,98,2,2.04082,no
PrcNaomi,HEALTH,Birmingham/Cumbria,70,1,1.42857,no
prieannamom,CHILD,,92,9,9.78261,yes
PrinceDevitt69,CHILD,?Behind Trumps Wall?,87,6,6.89655,yes
PrinceofWeHo,HEALTH,Greater Hollywood Area,97,2,2.06186,no
PROVERBS31X30,HEALTH,NJ/PA/DE,100,1,1,no
ProvisionCARES,HEALTH,Knoxville  Tennessee,88,3,3.40909,no
pryerlee,CHILD,Cheltenham,88,5,5.68182,yes
PTloverss,HEALTH,Kuwait,82,2,2.43902,no
PUNC14,HEALTH,Plymouth,97,3,3.09278,no
purple_pen_it,HEALTH,United Kingdom,46,1,2.17391,no
PYAHealthcare,HEALTH,Knoxville  TN,100,1,1,no
QANicholson,CHILD,Melbourne,88,5,5.68182,yes
quantom_play,HEALTH,,100,1,1,no
QueenVicMirror,HEALTH,London  England,85,4,4.70588,yes
quotergirl2k16,HEALTH,,98,11,11.2245,yes
rabibobi3,HEALTH,,94,4,4.25532,no
RachelHayward26,HEALTH,Birmingham ,89,6,6.74157,yes
rachel_elson,HEALTH,New York,86,2,2.32558,no
RaeSnape,CHILD,Cambridge,90,2,2.22222,no
ragmicrofinance,HEALTH,Global,67,1,1.49254,no
ragusmg,CHILD,Bangalore,72,8,11.1111,yes
rahulmahadik13,HEALTH,,98,4,4.08163,no
raihansuffian,HEALTH,Malaysia,90,2,2.22222,no
rains131,HEALTH,Dallas  TX,55,1,1.81818,no
RayLehr,HEALTH,Virginia,98,3,3.06122,no
rbtekk,HEALTH,Atlanta  GA,100,2,2,no
RDWimp,CHILD,,67,5,7.46269,yes
RealFKNNews,HEALTH,All over the place,100,4,4,no
realhumanrights,CHILD,Washington DC,95,2,2.10526,no
RealNaturalNews,HEALTH,Austin TX,100,2,2,no
regalbrew,CHILD,,92,4,4.34783,no
RELAXMINDBODY1,HEALTH,Calgary  Alberta,100,1,1,no
RemyaMohanIAS,CHILD,Gujarat,98,1,1.02041,no
RenataBruzova,CHILD,,93,2,2.15054,no
renusinghmehta1,CHILD,,99,1,1.0101,no
ResidentOfFL,CHILD,Florida  USA,97,7,7.2165,yes
resolvUK,CHILD,Staffordshire  UK,96,6,6.25,yes
RevDrRosie,HEALTH,London  England,98,6,6.12245,yes
RevolutionResea,HEALTH,,93,3,3.22581,no
RevSquire,HEALTH,Winston-Salem NC,97,7,7.2165,yes
RE_PBUK,HEALTH,Bristol  England,99,4,4.0404,no
riaamiraazmi,HEALTH,Malaysia,95,4,4.21053,no
RiKA_lOv3,HEALTH,Atlanta  GA,100,1,1,no
rileychase16,CHILD,,100,3,3,no
riseghana,CHILD,Ghana,92,5,5.43478,yes
Risenik,CHILD,India,100,7,7,yes
RKrivoFX,HEALTH,Dallas  TX,99,1,1.0101,no
Robbyeaton,HEALTH,Wigston uk,69,1,1.44928,no
rogerarellano5,CHILD,,100,6,6,yes
rogermullen8,CHILD,,100,4,4,no
RohanKher27,HEALTH,Pune  India,70,4,5.71429,yes
romanreigns400,CHILD,Lucknow  India,100,2,2,no
RomanticCoupIe,HEALTH,,100,6,6,yes
ronaldbolshako3,CHILD,,100,4,4,no
Rosey_St,CHILD,,98,8,8.16327,yes
roskilderotary,HEALTH,Roskilde  Denmark,89,1,1.1236,no
RossMartin,HEALTH,Fulton  MD,48,3,6.25,yes
rotaractnateete,HEALTH,Kampala-Uganda,100,1,1,no
RRaimato,CHILD,,87,4,4.5977,no
RRPDK9Memorial,HEALTH,Round Rock,99,3,3.0303,no
RRS_consultancy,HEALTH,Online • Chester • N.Staffs,91,11,12.0879,yes
rsairajeswari,CHILD,Bengaluru & Hyderabad . ,65,1,1.53846,no
RugbyLabourEast,CHILD,Rugby  Warwickshire  UK,76,5,6.57895,yes
Rukath,HEALTH,Huye/ south/ Rwanda,100,16,16,yes
RupanMazumdar1,CHILD,Guwahati,92,1,1.08696,no
RussellGuess,HEALTH,Winter Haven FL,100,2,2,no
RutikRasal,HEALTH,Nashik  Maharashtra,40,1,2.5,no
RVAHealthDept,HEALTH,Richmond  Virginia,100,2,2,no
RyanGUprichard,HEALTH,Northern Ireland  United Kingdom,82,1,1.21951,no
s9tmt,CHILD,manchester,92,4,4.34783,no
SaggySaquib,CHILD,Surat  India,81,8,9.87654,yes
SajidCKP,CHILD,,85,3,3.52941,no
samueljarvis8,CHILD,,100,6,6,yes
SantoshKakad,CHILD,,98,5,5.10204,no
saumyabhatia3,HEALTH,New Delhi,54,5,9.25926,yes
saunderskaren26,CHILD,,99,3,3.0303,no
savannahhatfi17,CHILD,,100,10,10,yes
sbird15345,HEALTH,,100,9,9,yes
SdtAkma,HEALTH,,99,3,3.0303,no
seers_helen,HEALTH,Bristol  United Kingdom,98,4,4.08163,no
SELeicYouth,HEALTH,Leicester  England,86,3,3.48837,no
SergeyMerculof,HEALTH,,100,1,1,no
sethanthony11,CHILD,,100,5,5,no
sherryc74,CHILD,Washington DC,88,7,7.95455,yes
shiva_fdn,CHILD,London  UK,96,4,4.16667,no
shortestlawyer,CHILD,Washington  DC,99,2,2.0202,no
shoubhiksen,CHILD,Lucknow Bangalore,86,3,3.48837,no
siddiqi88,HEALTH,Pakistan,99,3,3.0303,no
Sierra_Alexsis,HEALTH,,88,1,1.13636,no
silvakc116,HEALTH,Indiana  USA ?,83,6,7.22892,yes
simply_mayank,CHILD,New Delhi | Lucknow,79,2,2.53165,no
singhrinky660,CHILD,PROUD&BLESSED #INDIAN #MUMBAI ,78,3,3.84615,no
SkpBoyz,CHILD,Shekhupura  Pakistan,95,1,1.05263,no
skramlife,CHILD,,83,2,2.40964,no
skyydives,HEALTH,,67,4,5.97015,yes
SlamPs_P7,CHILD,,93,5,5.37634,yes
smalldoctor_org,HEALTH,,100,2,2,no
small_angry_dog,HEALTH,Christchurch City  New Zealand,69,4,5.7971,yes
smilefoundation,CHILD,India,99,3,3.0303,no
Smitty_RicoDash,HEALTH,Indaianpolis Ind,100,1,1,no
smokerslogicksm,HEALTH,,100,4,4,no
SmokersMatch,HEALTH,,100,1,1,no
Smoothwall,CHILD,United Kingdom & United States,87,4,4.5977,no
SnowCalmth,CHILD,Ukraine,96,8,8.33333,yes
SoazigClifton,HEALTH,London,87,6,6.89655,yes
sollehudinazmi,HEALTH,Mana-mana je la,44,1,2.27273,no
SoniaFVALCbook,CHILD,Utah  USA,100,15,15,yes
sonyapryr,CHILD,christchurch New Zealand,97,4,4.12371,no
SOPHEtweets,HEALTH,Washington  DC,99,6,6.06061,yes
SouLouCard71,HEALTH,The Ville,82,2,2.43902,no
spawk453,HEALTH,big ass Utah:go Cowboyzz:,86,3,3.48837,no
SpawnRTs,HEALTH,,100,2,2,no
SPCCND,CHILD,Cambridge Ontario,99,2,2.0202,no
SPCYorkRegion,CHILD,York Region ,85,2,2.35294,no
spiffiesstuff,HEALTH,USA,99,3,3.0303,no
SplendifSpec6s,CHILD,Derby  England,97,4,4.12371,no
spotmegone,CHILD,,93,10,10.7527,yes
ss275536,HEALTH,Noida,100,1,1,no
StartUpsNGO,CHILD,Worldwide,83,3,3.61446,no
StefanoDeCupis,HEALTH,Abidjan - New York - Rome,99,1,1.0101,no
stevenswift21,HEALTH,Chesterfield  England,81,4,4.93827,yes
Steviedrocks,HEALTH,Los Angeles,100,1,1,no
StFelixCentre,CHILD,Toronto,94,3,3.19149,no
stmichaelssch,HEALTH,,97,2,2.06186,no
StrategicHS,HEALTH,Omaha  NE,100,3,3,no
strifesurvivor,CHILD,Australia,100,1,1,no
stscholasticas,HEALTH,italy-uk,55,1,1.81818,no
sudhvir,HEALTH,Oslo - Auckland ,90,7,7.77778,yes
sunyopt,HEALTH,New York  NY,91,4,4.3956,no
SuptAndyCox,CHILD,London,72,8,11.1111,yes
SurvivorsUK,CHILD,London,91,2,2.1978,no
Susan_Nagy,HEALTH,Washington  DC,71,4,5.6338,yes
SusiB348,HEALTH,Devon  UK,86,2,2.32558,no
SuttonLibDems,HEALTH,London Borough of Sutton,96,3,3.125,no
sw33tcanadien,CHILD,New Zealand,100,2,2,no
swankpharm,HEALTH,Email: info@swankpharm.com ,96,2,2.08333,no
SweetSDimples1,HEALTH,VIRGINIA,100,1,1,no
sylviakingking,CHILD,,100,5,5,no
sywaspi_voice,CHILD,South Yorkshire,23,1,4.34783,no
s_headteacher,CHILD,,96,4,4.16667,no
taaymck,HEALTH,new zealand,44,1,2.27273,no
TanusreeJain,CHILD,Dublin and New Delhi ,84,2,2.38095,no
tartwitherheart,CHILD,Edinburgh,98,4,4.08163,no
taxqueen49,CHILD,UK,78,5,6.41026,yes
tayaa_23,HEALTH,Mammoth Made B ,88,1,1.13636,no
tbootan,CHILD,Caledonia / Lawrence,95,5,5.26316,yes
TCNJ_Students,HEALTH,New Jersey,96,3,3.125,no
TeamVollkorn,HEALTH,,100,13,13,yes
TehranBazaar,HEALTH,,99,1,1.0101,no
teleontechne,CHILD,,100,3,3,no
TerrifTremend2s,CHILD,Derby  England,40,5,12.5,yes
Texastweetybird,CHILD,Dallas  Texas,92,4,4.34783,no
Thadsha,CHILD,Toronto  Ontario,99,5,5.05051,no
ThanosHotels,HEALTH,Paphos  Cyprus,92,2,2.17391,no
TheAfzaalAhmed,CHILD,Islamabad  Pakistan,99,10,10.101,yes
TheCarerUK,HEALTH,Bournemouth  UK,100,4,4,no
thef0d2b,HEALTH,MY,79,4,5.06329,yes
TheQtiyapaGuy,CHILD,Mumbai,93,3,3.22581,no
TheRealRifts,HEALTH,London  England,71,1,1.40845,no
theshooglypeg,HEALTH,Mansewood  Scotland,83,7,8.43373,yes
The_MaasP,HEALTH,Parts Unknown,76,4,5.26316,yes
Thrilling3s,CHILD,Derby  England,95,2,2.10526,no
TiCToC_51,HEALTH,Lincolnshire  UK,66,5,7.57576,yes
tigriisysoev89,CHILD,,68,2,2.94118,no
TimoteoSHonesto,HEALTH,Tempe  Arizona,98,1,1.02041,no
tja7175,HEALTH,unpaid vaper & advocate ~ R.I.,84,9,10.7143,yes
TJB123x,CHILD,UK,83,6,7.22892,yes
TMacswimhokie,HEALTH,,90,4,4.44444,no
Tobacconomics,HEALTH,University of Illinois Chicago,100,9,9,yes
TobaccoPrev,HEALTH,Palm Beach County  FL,100,6,6,yes
TomBlanks,HEALTH,DM[V],100,1,1,no
Tonauta_Ab,HEALTH,Road to Aso Villa.......,97,2,2.06186,no
Toneeta__,HEALTH,Birmingham/London England UK,96,5,5.20833,yes
ToOurShores,HEALTH,,100,4,4,no
Toronto_Bot,CHILD,,100,5,5,no
totalbiopharma,HEALTH,London,99,14,14.1414,yes
TransNatCrime,CHILD,,97,3,3.09278,no
TreeHouseCAC,CHILD,Montgomery County  Maryland,78,4,5.12821,no
TrevorArdila,HEALTH,Virginia Beach,100,1,1,no
TriciaEBrown,CHILD,,98,5,5.10204,no
TriplePundit,HEALTH,SF & Global,100,5,5,yes
trishcahill,CHILD,,100,1,1,no
truelebanese22,HEALTH,,100,6,6,yes
TrustmarkCo,HEALTH,Lake Forest  IL,100,4,4,no
TunesOrphan,HEALTH,Melbourne,84,3,3.57143,no
TweeterLE2012,CHILD,Mid Atlantic U.S.A.,99,3,3.0303,no
Ty_So_Fly1,HEALTH,860,88,6,6.81818,yes
UFreemason,HEALTH,Salt Lake City via Detroit,96,3,3.125,no
UHSFT,HEALTH,Southampton  UK,95,5,5.26316,yes
UKGovTweets,HEALTH,,57,2,3.50877,no
UndauntedA,HEALTH,,90,9,10,yes
UnfEWEC,HEALTH,NYC/Global,95,11,11.5789,yes
UNICEFMada,HEALTH,Madagascar,95,4,4.21053,no
Unicefuk_media,CHILD,,95,4,4.21053,no
UniquelyLANA,CHILD,Toronto,91,8,8.79121,yes
UNITAID,HEALTH,Geneva,100,14,14,yes
UN_DGACM,HEALTH,New York  USA,100,5,5,yes
upsidedownwoman,HEALTH,Forks  Washington,100,2,2,no
uwe_walter,HEALTH,Victoria  British Columbia,100,9,9,yes
vapepunks,HEALTH,,100,5,5,yes
varadadya,CHILD,Mumbai  India,49,2,4.08163,no
Veds_Mom,HEALTH,Indianapolis  Pune,95,5,5.26316,yes
veldt35,CHILD,Glasgow,100,8,8,yes
VennieKocsis,CHILD,Tacoma  WA,96,5,5.20833,yes
VernersViews,HEALTH,Skipton  Yorkshire  UK ,90,5,5.55556,yes
VHIR_,HEALTH,Barcelona (Catalonia  Spain),99,2,2.0202,no
VicJoyner,HEALTH,West-TN,100,7,7,yes
Vikram_Beeghota,HEALTH,????  ????????,83,3,3.61446,no
vineshkadam,CHILD,Mumbai,88,7,7.95455,yes
Vivekg_vns,HEALTH,USA,74,11,14.8649,yes
VixPullman,CHILD,Port Glasgow  Scotland.,100,7,7,yes
vjutv311,CHILD,,71,1,1.40845,no
VJYounMe,CHILD,Bangalore,65,6,9.23077,yes
vociferesoteric,HEALTH,,92,5,5.43478,yes
VoodooGrl89,CHILD,United States,100,2,2,no
vorobevilar2,CHILD,,200,16,8,yes
WallstreetSTTA,HEALTH,NYC,100,3,3,no
wameyokw,HEALTH,Nairobi Kenya,92,1,1.08696,no
wannuruldamia,HEALTH,,92,3,3.26087,no
watkinsgabriel7,CHILD,,100,3,3,no
WayneMelanson,CHILD,NE OHIO via Chicagoland,82,2,2.43902,no
Wayneswhinge,HEALTH,South West  England,200,8,4,no
weaverdavid1,CHILD,,100,6,6,yes
Weppagirl,HEALTH,,100,4,4,no
WestsideSEO,CHILD,Seattle,100,1,1,no
whenyoudieorg,HEALTH,Halifax  Nova Scotia,99,10,10.101,yes
WidescopeCSR,CHILD,Worldwide,100,1,1,no
wikaagnieszka,HEALTH,Los Angeles ,100,3,3,no
Wildfang135,HEALTH,New York City,20,1,5,yes
winifredarchib7,CHILD,,100,8,8,yes
wintoz,CHILD,Nairobi254,96,2,2.08333,no
Witts_Happening,HEALTH,,99,1,1.0101,no
WMA_Health,HEALTH,United Kingdom,100,3,3,no
womenofjaipur,CHILD,Jaipur,89,5,5.61798,yes
WoodrowMercer,HEALTH,Birmingham / London,100,1,1,no
WoolleyForever,CHILD,Barnsley,85,6,7.05882,yes
WorldVision,CHILD,London  England,94,3,3.19149,no
WorldVisionEU,CHILD,Brussels  Belgium,99,6,6.06061,yes
WorldVisionUSA,CHILD,Federal Way  WA,99,8,8.08081,yes
WriterBMS,CHILD,,73,3,4.10959,no
Writwikbag,CHILD,India,61,3,4.91803,no
WV_humanitarian,CHILD,www.wvi.org/emergencies,98,4,4.08163,no
XenaMovieFans,HEALTH,,81,10,12.3457,yes
xocaaat,HEALTH,,79,1,1.26582,no
XOXOs731,HEALTH,Scotch Plains,73,3,4.10959,no
YCECYouthREX_C,CHILD,Central Ontario,95,3,3.15789,no
YeaImGoldieLock,HEALTH,,99,3,3.0303,no
Yellowbikergirl,CHILD,England  United Kingdom,83,9,10.8434,yes
YleArt,HEALTH,,97,3,3.09278,no
YoTVFanpage,HEALTH,,100,6,6,yes
young_ones1989,CHILD,Melbourne  Victoria,92,2,2.17391,no
Your_Daily_Dish,HEALTH,,100,3,3,no
YouthActionNSW,CHILD,Sydney  Australia,100,5,5,no
YouthREX_NW,CHILD,Lakehead University,98,4,4.08163,no
yrgrlll,HEALTH,,100,3,3,no
YWCAToronto,CHILD,Toronto,99,8,8.08081,yes
zaid_ha,HEALTH,,93,1,1.07527,no
ZAwaizBilal,CHILD,London,95,4,4.21053,no
zcervantes3,CHILD,,100,3,3,no
znesq,HEALTH,on location,78,2,2.5641,no
ZoeZarani,HEALTH,New York  NY,99,5,5.05051,yes
_archiesimpson,CHILD,South West  England,26,3,11.5385,yes
_embode_,CHILD,Asia  Europe  Africa,95,5,5.26316,yes
_Grilsaying,HEALTH,,100,6,6,yes
_izzatirfan,HEALTH,,76,1,1.31579,no
_Julianobaiano,HEALTH,,100,9,9,yes
_kaaaylinn,HEALTH,,89,3,3.37079,no
_melahat__,HEALTH,,80,7,8.75,yes
_palarun,HEALTH,Mumbai India,87,1,1.14943,no
_santaletters,HEALTH,Lapland,91,5,5.49451,yes
_Ungagged,CHILD,Scotland  United Kingdom,58,4,6.89655,yes
__FUqer_,CHILD,,32,3,9.375,yes
